Category,Cross validation,Internal validation
top1,0.7645550527903469,0.7412467976088813
top2,0.9128205128205128,0.9086251067463706
top3,0.9559577677224737,0.9521776259607173
