,Category,External Validation
0,top1,0.7186411149825784
1,top2,0.7752613240418118
2,top3,0.8057491289198606
